(1,'47 MySakila Drive',NULL,'Alberta',300,DEFAULT,DEFAULT,'2014-09-25 22:30:27'),
(2,'28 MySQL Boulevard',NULL,'QLD',576,DEFAULT,DEFAULT,'2014-09-25 22:30:09'),
(3,'23 Workhaven Lane',NULL,'Alberta',300,DEFAULT,14033335568,'2014-09-25 22:30:27'),
(4,'1411 Lillydale Drive',NULL,'QLD',576,DEFAULT,6172235589,'2014-09-25 22:30:09'),
(5,'1913 Hanoi Way',DEFAULT,'Nagasaki',463,35200,28303384290,'2014-09-25 22:31:53'),
(6,'1121 Loja Avenue',DEFAULT,'California',449,17886,8.38635E+11,'2014-09-25 22:34:01'),
(7,'692 Joliet Street',DEFAULT,'Attika',38,83579,4.48477E+11,'2014-09-25 22:31:07'),
(8,'1566 Inegl Manor',DEFAULT,'Mandalay',349,53561,7.05814E+11,'2014-09-25 22:32:18'),
(9,'53 Idfu Parkway',DEFAULT,'Nantou',361,42399,10655648674,'2014-09-25 22:33:16'),
(10,'1795 Santiago de Compostela Way',DEFAULT,'Texas',295,18743,8.60453E+11,'2014-09-25 22:33:55'),
(11,'900 Santiago de Compostela Parkway',DEFAULT,'Central Serbia',280,93896,7.16571E+11,'2014-09-25 22:34:11'),
(12,'478 Joliet Way',DEFAULT,'Hamilton',200,77948,6.57282E+11,'2014-09-25 22:32:22'),
(13,'613 Korolev Drive',DEFAULT,'Masqat',329,45844,3.80658E+11,'2014-09-25 22:32:29'),
(14,'1531 Sal Drive',DEFAULT,'Esfahan',162,53628,6.48857E+11,'2014-09-25 22:31:36'),
(15,'1542 Tarlac Parkway',DEFAULT,'Kanagawa',440,1027,6.35297E+11,'2014-09-25 22:31:53'),
(16,'808 Bhopal Manor',DEFAULT,'Haryana',582,10672,4.65888E+11,'2014-09-25 22:31:30'),
(17,'270 Amroha Parkway',DEFAULT,'Osmaniye',384,29610,6.9548E+11,'2014-09-25 22:33:27'),
(18,'770 Bydgoszcz Avenue',DEFAULT,'California',120,16266,5.17338E+11,'2014-09-25 22:33:47'),
(19,'419 Iligan Lane',DEFAULT,'Madhya Pradesh',76,72878,9.90911E+11,'2014-09-25 22:31:13'),
(20,'360 Toulouse Parkway',DEFAULT,'England',495,54308,9.49312E+11,'2014-09-25 22:33:40'),
(21,'270 Toulon Boulevard',DEFAULT,'Kalmykia',156,81766,4.07752E+11,'2014-09-25 22:32:48'),
(22,'320 Brest Avenue',DEFAULT,'Kaduna',252,43331,7.47792E+11,'2014-09-25 22:32:25'),
(23,'1417 Lancaster Avenue',DEFAULT,'Northern Cape',267,72192,2.72572E+11,'2014-09-25 22:33:03'),
(24,'1688 Okara Way',DEFAULT,'Nothwest Border Prov',327,21954,1.44454E+11,'2014-09-25 22:32:30'),
(25,'262 A Corua (La Corua), Parkway',DEFAULT,'Dhaka',525,34418,8.92776E+11,'2014-09-25 22:30:12'),
(26,'28 Charlotte Amalie Street',DEFAULT,'Rabat-Sal-Zammour-Z',443,37551,1.61968E+11,'2014-09-25 22:32:16'),
(27,'1780 Hino Boulevard',DEFAULT,'Liepaja',303,7716,9.02731E+11,'2014-09-25 22:31:58'),
(28,'96 Tafuna Way',DEFAULT,'Crdoba',128,99865,9.3473E+11,'2014-09-25 22:30:05'),
(29,'934 San Felipe de Puerto Plata Street',DEFAULT,'Sind',472,99780,1.96496E+11,'2014-09-25 22:32:31'),
(30,'18 Duisburg Boulevard',DEFAULT,'DEFAULT',121,58327,9.9801E+11,'2014-09-25 22:31:08'),
(31,'217 Botshabelo Place',DEFAULT,'Southern Mindanao',138,49521,6.65357E+11,'2014-09-25 22:32:36'),
(32,'1425 Shikarpur Manor',DEFAULT,'Bihar',346,65599,6.78221E+11,'2014-09-25 22:31:20'),
(33,'786 Aurora Avenue',DEFAULT,'Yamaguchi',474,65750,18461860151,'2014-09-25 22:31:53'),
(34,'1668 Anpolis Street',DEFAULT,'Taipei',316,50199,5.25256E+11,'2014-09-25 22:33:15'),
(35,'33 Gorontalo Way',DEFAULT,'West Bengali',257,30348,7.45995E+11,'2014-09-25 22:31:18'),
(36,'176 Mandaluyong Place',DEFAULT,'Uttar Pradesh',239,65213,6.27706E+11,'2014-09-25 22:31:17'),
(37,'127 Purnea (Purnia), Manor',DEFAULT,'Piemonte',17,79388,9.11872E+11,'2014-09-25 22:31:42'),
(38,'61 Tama Street',DEFAULT,'Okayama',284,94065,7.08403E+11,'2014-09-25 22:31:49'),
(39,'391 Callao Drive',DEFAULT,'Midi-Pyrnes',544,34021,4.40512E+11,'2014-09-25 22:31:01'),
(40,'334 Munger (Monghyr), Lane',DEFAULT,'Markazi',31,38145,4.81183E+11,'2014-09-25 22:31:36'),
(41,'1440 Fukuyama Loop',DEFAULT,'Henan',362,47929,9.12257E+11,'2014-09-25 22:30:40'),
(42,'269 Cam Ranh Parkway',DEFAULT,'Chisinau',115,34689,4.89784E+11,'2014-09-25 22:32:15'),
(43,'306 Antofagasta Place',DEFAULT,'Esprito Santo',569,3989,3.78319E+11,'2014-09-25 22:30:23'),
(44,'671 Graz Street',DEFAULT,'Oriental',353,94399,6.80769E+11,'2014-09-25 22:32:16'),
(45,'42 Brindisi Place',DEFAULT,'Yerevan',586,16744,42384721397,'2014-09-25 22:30:08'),
(46,'1632 Bislig Avenue',DEFAULT,'Nonthaburi',394,61117,4.71676E+11,'2014-09-25 22:33:20'),
(47,'1447 Imus Way',DEFAULT,'Tahiti',167,48942,5.39758E+11,'2014-09-25 22:31:02'),
(48,'1998 Halifax Drive',DEFAULT,'Lipetsk',308,76022,1.77728E+11,'2014-09-25 22:32:54'),
(49,'1718 Valencia Street',DEFAULT,'Antofagasta',27,37359,6.75293E+11,'2014-09-25 22:30:29'),
(50,'46 Pjatigorsk Lane',DEFAULT,'Moscow (City),',343,23616,2.62077E+11,'2014-09-25 22:32:55'),
(51,'686 Garland Manor',DEFAULT,'Cear',247,52535,69493378813,'2014-09-25 22:30:19'),
(52,'909 Garland Manor',DEFAULT,'Tatarstan',367,69367,7.058E+11,'2014-09-25 22:32:55'),
(53,'725 Isesaki Place',DEFAULT,'Mekka',237,74428,8.76295E+11,'2014-09-25 22:33:00'),
(54,'115 Hidalgo Parkway',DEFAULT,'Khartum',379,80168,3.07704E+11,'2014-09-25 22:33:11'),
(55,'1135 Izumisano Parkway',DEFAULT,'California',171,48150,1.71823E+11,'2014-09-25 22:33:50'),
(56,'939 Probolinggo Loop',DEFAULT,'Galicia',1,4166,6.80428E+11,'2014-09-25 22:33:08'),
(57,'17 Kabul Boulevard',DEFAULT,'Chiba',355,38594,6.97761E+11,'2014-09-25 22:31:51'),
(58,'1964 Allappuzha (Alleppey), Street',DEFAULT,'Yamaguchi',227,48980,9.20811E+11,'2014-09-25 22:31:47'),
(59,'1697 Kowloon and New Kowloon Loop',DEFAULT,'Moskova',49,57807,4.99352E+11,'2014-09-25 22:32:47'),
(60,'1668 Saint Louis Place',DEFAULT,'Tahiti',397,39072,3.47488E+11,'2014-09-25 22:31:02'),
(61,'943 Tokat Street',DEFAULT,'Vaduz',560,45428,8.89319E+11,'2014-09-25 22:31:58'),
(62,'1114 Liepaja Street',DEFAULT,'Sarawak',282,69226,2.12869E+11,'2014-09-25 22:32:00'),
(63,'1213 Ranchi Parkway',DEFAULT,'Karnataka',350,94352,8.00024E+11,'2014-09-25 22:31:21'),
(64,'81 Hodeida Way',DEFAULT,'Rajasthan',231,55561,2.50768E+11,'2014-09-25 22:31:17'),
(65,'915 Ponce Place',DEFAULT,'Basel-Stadt',56,83980,1395251317,'2014-09-25 22:33:12'),
(66,'1717 Guadalajara Lane',DEFAULT,'Missouri',441,85505,9.1409E+11,'2014-09-25 22:33:59'),
(67,'1214 Hanoi Way',DEFAULT,'Nebraska',306,67055,4.91001E+11,'2014-09-25 22:33:56'),
(68,'1966 Amroha Avenue',DEFAULT,'Sichuan',139,70385,3.33489E+11,'2014-09-25 22:30:32'),
(69,'698 Otsu Street',DEFAULT,'Cayenne',105,71110,4.09984E+11,'2014-09-25 22:31:02'),
(70,'1150 Kimchon Manor',DEFAULT,'Skne ln',321,96109,6.63449E+11,'2014-09-25 22:33:11'),
(71,'1586 Guaruj Place',DEFAULT,'Hunan',579,5135,9.47233E+11,'2014-09-25 22:30:46'),
(72,'57 Arlington Manor',DEFAULT,'Madhya Pradesh',475,48960,9.90214E+11,'2014-09-25 22:31:27'),
(73,'1031 Daugavpils Parkway',DEFAULT,'Bchar',63,59025,1.07137E+11,'2014-09-25 22:29:59'),
(74,'1124 Buenaventura Drive',DEFAULT,'Mekka',13,6856,4.07734E+11,'2014-09-25 22:32:59'),
(75,'492 Cam Ranh Street',DEFAULT,'Eastern Visayas',61,50805,5.65018E+11,'2014-09-25 22:32:34'),
(76,'89 Allappuzha (Alleppey), Manor',DEFAULT,'National Capital Reg',517,75444,2.558E+11,'2014-09-25 22:32:39'),
(77,'1947 Poos de Caldas Boulevard',DEFAULT,'Chiayi',114,60951,4.27454E+11,'2014-09-25 22:33:14'),
(78,'1206 Dos Quebradas Place',DEFAULT,'So Paulo',431,20207,2.41833E+11,'2014-09-25 22:30:21'),
(79,'1551 Rampur Lane',DEFAULT,'Changhwa',108,72394,2.51164E+11,'2014-09-25 22:33:14'),
(80,'602 Paarl Street',DEFAULT,'Pavlodar',402,98889,8.96315E+11,'2014-09-25 22:31:55'),
(81,'1692 Ede Loop',DEFAULT,'So Paulo',30,9223,9.18711E+11,'2014-09-25 22:30:16'),
(82,'936 Salzburg Lane',DEFAULT,'Uttar Pradesh',425,96709,8.75757E+11,'2014-09-25 22:31:24'),
(83,'586 Tete Way',DEFAULT,'Kanagawa',256,1079,18581624103,'2014-09-25 22:31:48'),
(84,'1888 Kabul Drive',DEFAULT,'Oyo & Osun',217,20936,7.01457E+11,'2014-09-25 22:32:24'),
(85,'320 Baiyin Parkway',DEFAULT,'Mahajanga',319,37307,2.23665E+11,'2014-09-25 22:31:59'),
(86,'927 Baha Blanca Parkway',DEFAULT,'Krim',479,9495,8.21972E+11,'2014-09-25 22:33:33'),
(87,'929 Tallahassee Loop',DEFAULT,'Gauteng',497,74671,8.00717E+11,'2014-09-25 22:33:06'),
(88,'125 Citt del Vaticano Boulevard',DEFAULT,'Puebla',40,67912,48417642933,'2014-09-25 22:32:02'),
(89,'1557 Ktahya Boulevard',DEFAULT,'England',88,88002,7.20998E+11,'2014-09-25 22:33:36'),
(90,'870 Ashqelon Loop',DEFAULT,'Songkhla',489,84931,1.35117E+11,'2014-09-25 22:33:20'),
(91,'1740 Portoviejo Avenue',DEFAULT,'Sucre',480,29932,1.98123E+11,'2014-09-25 22:30:53'),
(92,'1942 Ciparay Parkway',DEFAULT,'Cheju',113,82624,9.78987E+11,'2014-09-25 22:33:06'),
(93,'1926 El Alto Avenue',DEFAULT,'Buenos Aires',289,75543,8.46225E+11,'2014-09-25 22:30:05'),
(94,'1952 Chatsworth Drive',DEFAULT,'Guangdong',332,25958,9.91562E+11,'2014-09-25 22:30:40'),
(95,'1370 Le Mans Avenue',DEFAULT,'Brunei and Muara',53,52163,3.4568E+11,'2014-09-25 22:30:23'),
(96,'984 Effon-Alaiye Avenue',DEFAULT,'Gois',183,17119,1.32987E+11,'2014-09-25 22:30:17'),
(97,'832 Nakhon Sawan Manor',DEFAULT,'Inner Mongolia',592,49021,2.75596E+11,'2014-09-25 22:30:50'),
(98,'152 Kitwe Parkway',DEFAULT,'Caraga',82,53182,8.35434E+11,'2014-09-25 22:32:35'),
(99,'1697 Tanauan Lane',DEFAULT,'Punjab',399,22870,4764773857,'2014-09-25 22:31:22'),
(100,'1308 Arecibo Way',DEFAULT,'Georgia',41,30695,6171054059,'2014-09-25 22:33:43'),
(101,'1599 Plock Drive',DEFAULT,'Tete',534,71986,8.17249E+11,'2014-09-25 22:32:18'),
(102,'669 Firozabad Loop',DEFAULT,'Abu Dhabi',12,92265,4.12903E+11,'2014-09-25 22:33:35'),
(103,'588 Vila Velha Manor',DEFAULT,'Kyongsangbuk',268,51540,3.3334E+11,'2014-09-25 22:33:07'),
(104,'1913 Kamakura Place',DEFAULT,'Lipetsk',238,97287,9.42571E+11,'2014-09-25 22:32:49'),
(105,'733 Mandaluyong Place',DEFAULT,'Asir',2,77459,1.96568E+11,'2014-09-25 22:32:59'),
(106,'659 Vaduz Drive',DEFAULT,'Ha Darom',34,49708,7.09935E+11,'2014-09-25 22:31:40'),
(107,'1177 Jelets Way',DEFAULT,'Kwara & Kogi',220,3305,4.84293E+11,'2014-09-25 22:32:24'),
(108,'1386 Yangor Avenue',DEFAULT,'Provence-Alpes-Cte',543,80720,4.49216E+11,'2014-09-25 22:31:01'),
(109,'454 Nakhon Sawan Boulevard',DEFAULT,'Funafuti',173,76383,9.63887E+11,'2014-09-25 22:33:31'),
(110,'1867 San Juan Bautista Tuxtepec Avenue',DEFAULT,'Ivanovo',225,78311,5.47003E+11,'2014-09-25 22:32:48'),
(111,'1532 Dzerzinsk Way',DEFAULT,'Buenos Aires',334,9599,3.30838E+11,'2014-09-25 22:30:06'),
(112,'1002 Ahmadnagar Manor',DEFAULT,'Mxico',213,93026,3.71491E+11,'2014-09-25 22:32:07'),
(113,'682 Junan Way',DEFAULT,'North West',273,30418,6.22255E+11,'2014-09-25 22:33:04'),
(114,'804 Elista Drive',DEFAULT,'Hubei',159,61069,3.79805E+11,'2014-09-25 22:30:33'),
(115,'1378 Alvorada Avenue',DEFAULT,'Distrito Federal',102,75834,2.72234E+11,'2014-09-25 22:34:03'),
(116,'793 Cam Ranh Avenue',DEFAULT,'California',292,87057,8.24371E+11,'2014-09-25 22:33:55'),
(117,'1079 Tel Aviv-Jaffa Boulevard',DEFAULT,'Sucre',132,10885,3.58179E+11,'2014-09-25 22:34:04'),
(118,'442 Rae Bareli Place',DEFAULT,'Nordrhein-Westfalen',148,24321,8.86636E+11,'2014-09-25 22:31:04'),
(119,'1107 Nakhon Sawan Avenue',DEFAULT,'Mxico',365,75149,8.67547E+11,'2014-09-25 22:32:11'),
(120,'544 Malm Parkway',DEFAULT,'Central Java',403,63502,3.8676E+11,'2014-09-25 22:31:34'),
(121,'1967 Sincelejo Place',DEFAULT,'Gujarat',176,73644,5.77813E+11,'2014-09-25 22:31:16'),
(122,'333 Goinia Way',DEFAULT,'Texas',185,78625,9.09029E+11,'2014-09-25 22:33:51'),
(123,'1987 Coacalco de Berriozbal Loop',DEFAULT,'al-Qalyubiya',476,96065,7.87654E+11,'2014-09-25 22:30:58'),
(124,'241 Mosul Lane',DEFAULT,'Risaralda',147,76157,7.65345E+11,'2014-09-25 22:30:52'),
(125,'211 Chiayi Drive',DEFAULT,'Uttar Pradesh',164,58186,6.65994E+11,'2014-09-25 22:31:15'),
(126,'1175 Tanauan Way',DEFAULT,'Lima',305,64615,9.37223E+11,'2014-09-25 22:32:33'),
(127,'117 Boa Vista Way',DEFAULT,'Uttar Pradesh',566,6804,6.77976E+11,'2014-09-25 22:31:29'),
(128,'848 Tafuna Manor',DEFAULT,'Ktahya',281,45142,6.14935E+11,'2014-09-25 22:33:27'),
(129,'569 Baicheng Lane',DEFAULT,'Gauteng',85,60304,4.90212E+11,'2014-09-25 22:33:02'),
(130,'1666 Qomsheh Drive',DEFAULT,'So Paulo',410,66255,5.82835E+11,'2014-09-25 22:30:20'),
(131,'801 Hagonoy Drive',DEFAULT,'Smolensk',484,8439,2.37426E+11,'2014-09-25 22:32:57'),
(132,'1050 Garden Grove Avenue',DEFAULT,'Slaskie',236,4999,9.73047E+11,'2014-09-25 22:32:42'),
(133,'1854 Tieli Street',DEFAULT,'Shandong',302,15819,5.09492E+11,'2014-09-25 22:30:39'),
(134,'758 Junan Lane',DEFAULT,'Gois',190,82639,9.35449E+11,'2014-09-25 22:30:18'),
(135,'1752 So Leopoldo Parkway',DEFAULT,'Taka-Karpatia',345,14014,2.52265E+11,'2014-09-25 22:33:32'),
(136,'898 Belm Manor',DEFAULT,'Free State',87,49757,7.07169E+11,'2014-09-25 22:33:02'),
(137,'261 Saint Louis Way',DEFAULT,'Coahuila de Zaragoza',541,83401,3.21944E+11,'2014-09-25 22:32:13'),
(138,'765 Southampton Drive',DEFAULT,'al-Qalyubiya',421,4285,23712411567,'2014-09-25 22:30:57'),
(139,'943 Johannesburg Avenue',DEFAULT,'Maharashtra',417,5892,90921003005,'2014-09-25 22:31:24'),
(140,'788 Atinsk Street',DEFAULT,'Karnataka',211,81691,1.46498E+11,'2014-09-25 22:31:17'),
(141,'1749 Daxian Place',DEFAULT,'Gelderland',29,11044,9.6337E+11,'2014-09-25 22:32:20'),
(142,'1587 Sullana Lane',DEFAULT,'Inner Mongolia',207,85769,4.6806E+11,'2014-09-25 22:30:35'),
(143,'1029 Dzerzinsk Manor',DEFAULT,'Ynlin',542,57519,33173584456,'2014-09-25 22:33:16'),
(144,'1666 Beni-Mellal Place',DEFAULT,'Tennessee',123,13377,9099941466,'2014-09-25 22:33:48'),
(145,'928 Jaffna Loop',DEFAULT,'Hiroshima',172,93762,5.81852E+11,'2014-09-25 22:31:45'),
(146,'483 Ljubertsy Parkway',DEFAULT,'Scotland',149,60562,5.81174E+11,'2014-09-25 22:33:36'),
(147,'374 Bat Yam Boulevard',DEFAULT,'Kilis',266,97700,9.23262E+11,'2014-09-25 22:33:26'),
(148,'1027 Songkhla Manor',DEFAULT,'Minsk',340,30861,5.6366E+11,'2014-09-25 22:30:13'),
(149,'999 Sanaa Loop',DEFAULT,'Gauteng',491,3439,9.18032E+11,'2014-09-25 22:33:05'),
(150,'879 Newcastle Way',DEFAULT,'Michigan',499,90732,2.06841E+11,'2014-09-25 22:34:01'),
(151,'1337 Lincoln Parkway',DEFAULT,'Saitama',555,99457,5.97815E+11,'2014-09-25 22:31:55'),
(152,'1952 Pune Lane',DEFAULT,'Saint-Denis',442,92150,3.54615E+11,'2014-09-25 22:32:46'),
(153,'782 Mosul Street',DEFAULT,'Massachusetts',94,25545,8.859E+11,'2014-09-25 22:33:46'),
(154,'781 Shimonoseki Drive',DEFAULT,'Michoacn de Ocampo',202,95444,6.32316E+11,'2014-09-25 22:32:06'),
(155,'1560 Jelets Boulevard',DEFAULT,'Shandong',291,77777,1.89446E+11,'2014-09-25 22:30:38'),
(156,'1963 Moscow Place',DEFAULT,'Assam',354,64863,7.61379E+11,'2014-09-25 22:31:21'),
(157,'456 Escobar Way',DEFAULT,'Jakarta Raya',232,36061,7.19203E+11,'2014-09-25 22:31:33'),
(158,'798 Cianjur Avenue',DEFAULT,'Shanxi',590,76990,4.99409E+11,'2014-09-25 22:30:49'),
(159,'185 Novi Sad Place',DEFAULT,'Bern',72,41778,9.04254E+11,'2014-09-25 22:33:13'),
(160,'1367 Yantai Manor',DEFAULT,'Ondo & Ekiti',381,21294,8.89538E+11,'2014-09-25 22:32:26'),
(161,'1386 Nakhon Sawan Boulevard',DEFAULT,'Pyongyang-si',420,53502,3.68899E+11,'2014-09-25 22:32:28'),
(162,'369 Papeete Way',DEFAULT,'North Carolina',187,66639,1.70117E+11,'2014-09-25 22:33:52'),
(163,'1440 Compton Place',DEFAULT,'North Austria',307,81037,9.3106E+11,'2014-09-25 22:30:10'),
(164,'1623 Baha Blanca Manor',DEFAULT,'Moskova',310,81511,1.49981E+11,'2014-09-25 22:32:54'),
(165,'97 Shimoga Avenue',DEFAULT,'Tel Aviv',533,44660,1.77167E+11,'2014-09-25 22:31:41'),
(166,'1740 Le Mans Loop',DEFAULT,'Pays de la Loire',297,22853,1.68477E+11,'2014-09-25 22:31:01'),
(167,'1287 Xiangfan Boulevard',DEFAULT,'Gifu',253,57844,8.19416E+11,'2014-09-25 22:31:48'),
(168,'842 Salzburg Lane',DEFAULT,'Adana',529,3313,6.97151E+11,'2014-09-25 22:33:29'),
(169,'154 Tallahassee Loop',DEFAULT,'Xinxiang',199,62250,9.35509E+11,'2014-09-25 22:30:34'),
(170,'710 San Felipe del Progreso Avenue',DEFAULT,'Lilongwe',304,76901,8.43801E+11,'2014-09-25 22:31:59'),
(171,'1540 Wroclaw Drive',DEFAULT,'Maharashtra',107,62686,1.82363E+11,'2014-09-25 22:31:14'),
(172,'475 Atinsk Way',DEFAULT,'Gansu',240,59571,2.01706E+11,'2014-09-25 22:30:36'),
(173,'1294 Firozabad Drive',DEFAULT,'Jiangxi',407,70618,1.61802E+11,'2014-09-25 22:30:40'),
(174,'1877 Ezhou Lane',DEFAULT,'Rajasthan',550,63337,2.64542E+11,'2014-09-25 22:31:28'),
(175,'316 Uruapan Street',DEFAULT,'Perak',223,58194,2.75789E+11,'2014-09-25 22:31:59'),
(176,'29 Pyongyang Loop',DEFAULT,'Batman',58,47753,7.34781E+11,'2014-09-25 22:33:23'),
(177,'1010 Klerksdorp Way',DEFAULT,'Steiermark',186,6802,4.93009E+11,'2014-09-25 22:30:10'),
(178,'1848 Salala Boulevard',DEFAULT,'Miranda',373,25220,48265851133,'2014-09-25 22:34:04'),
(179,'431 Xiangtan Avenue',DEFAULT,'Kerala',18,4854,2.30251E+11,'2014-09-25 22:31:10'),
(180,'757 Rustenburg Avenue',DEFAULT,'Skikda',483,89668,5.06134E+11,'2014-09-25 22:30:01'),
(181,'146 Johannesburg Way',DEFAULT,'Tamaulipas',330,54132,9.53689E+11,'2014-09-25 22:32:09'),
(182,'1891 Rizhao Boulevard',DEFAULT,'So Paulo',456,47288,3.91066E+11,'2014-09-25 22:30:21'),
(183,'1089 Iwatsuki Avenue',DEFAULT,'Kirov',270,35109,8.66092E+11,'2014-09-25 22:32:50'),
(184,'1410 Benin City Parkway',DEFAULT,'Risaralda',405,29747,1.0415E+11,'2014-09-25 22:30:52'),
(185,'682 Garden Grove Place',DEFAULT,'Tennessee',333,67497,72136330362,'2014-09-25 22:33:57'),
(186,'533 al-Ayn Boulevard',DEFAULT,'California',126,8862,6.62227E+11,'2014-09-25 22:33:48'),
(187,'1839 Szkesfehrvr Parkway',DEFAULT,'Gois',317,55709,9.47469E+11,'2014-09-25 22:30:20'),
(188,'741 Ambattur Manor',DEFAULT,'Noord-Brabant',438,43310,3.0259E+11,'2014-09-25 22:32:21'),
(189,'927 Barcelona Street',DEFAULT,'Chaharmahal va Bakht',467,65121,9.51486E+11,'2014-09-25 22:31:38'),
(190,'435 0 Way',DEFAULT,'West Bengali',195,74750,7.60172E+11,'2014-09-25 22:31:16'),
(191,'140 Chiayi Parkway',DEFAULT,'Sumy',506,38982,8.55864E+11,'2014-09-25 22:33:34'),
(192,'1166 Changhwa Street',DEFAULT,'Caraga',62,58852,6.50752E+11,'2014-09-25 22:32:34'),
(193,'891 Novi Sad Manor',DEFAULT,'Ontario',383,5379,2.47647E+11,'2014-09-25 22:30:28'),
(194,'605 Rio Claro Parkway',DEFAULT,'Tabora',513,49348,3.52469E+11,'2014-09-25 22:33:18'),
(195,'1077 San Felipe de Puerto Plata Place',DEFAULT,'Rostov-na-Donu',369,65387,8.12824E+11,'2014-09-25 22:32:56'),
(196,'9 San Miguel de Tucumn Manor',DEFAULT,'Uttar Pradesh',169,90845,9.56189E+11,'2014-09-25 22:31:15'),
(197,'447 Surakarta Loop',DEFAULT,'Nyanza',271,10428,9.4083E+11,'2014-09-25 22:31:56'),
(198,'345 Oshawa Boulevard',DEFAULT,'Tokyo-to',204,32114,1.04491E+11,'2014-09-25 22:31:45'),
(199,'1792 Valle de la Pascua Place',DEFAULT,'Nordrhein-Westfalen',477,15540,4.1942E+11,'2014-09-25 22:31:06'),
(200,'1074 Binzhou Manor',DEFAULT,'Baden-Wrttemberg',325,36490,3.31133E+11,'2014-09-25 22:31:05'),
(201,'817 Bradford Loop',DEFAULT,'Jiangsu',109,89459,2.64286E+11,'2014-09-25 22:30:31'),
(202,'955 Bamenda Way',DEFAULT,'Ondo & Ekiti',218,1545,7.68482E+11,'2014-09-25 22:32:24'),
(203,'1149 A Corua (La Corua), Boulevard',DEFAULT,'Haiphong',194,95824,4.70884E+11,'2014-09-25 22:34:06'),
(204,'387 Mwene-Ditu Drive',DEFAULT,'Ahal',35,8073,7.64478E+11,'2014-09-25 22:33:30'),
(205,'68 Molodetno Manor',DEFAULT,'Nordrhein-Westfalen',575,4662,1.46641E+11,'2014-09-25 22:31:06'),
(206,'642 Nador Drive',DEFAULT,'Maharashtra',77,3924,3.6905E+11,'2014-09-25 22:31:13'),
(207,'1688 Nador Lane',DEFAULT,'Sulawesi Utara',184,61613,6.52218E+11,'2014-09-25 22:31:32'),
(208,'1215 Pyongyang Parkway',DEFAULT,'Usak',557,25238,6.46237E+11,'2014-09-25 22:33:30'),
(209,'1679 Antofagasta Street',DEFAULT,'Alto Paran',122,86599,9.05904E+11,'2014-09-25 22:32:32'),
(210,'1304 s-Hertogenbosch Way',DEFAULT,'Santa Catarina',83,10925,90336226227,'2014-09-25 22:30:16'),
(211,'850 Salala Loop',DEFAULT,'Kitaa',371,10800,4.03405E+11,'2014-09-25 22:31:07'),
(212,'624 Oshawa Boulevard',DEFAULT,'West Bengali',51,89959,49677664184,'2014-09-25 22:31:11'),
(213,'43 Dadu Avenue',DEFAULT,'Rajasthan',74,4855,95666951770,'2014-09-25 22:31:12'),
(214,'751 Lima Loop',DEFAULT,'Aden',7,99405,7.5646E+11,'2014-09-25 22:34:08'),
(215,'1333 Haldia Street',DEFAULT,'Jilin',174,82161,4.08304E+11,'2014-09-25 22:30:33'),
(216,'660 Jedda Boulevard',DEFAULT,'Washington',65,25053,1.68758E+11,'2014-09-25 22:33:45'),
(217,'1001 Miyakonojo Lane',DEFAULT,'Taizz',518,67924,5.84317E+11,'2014-09-25 22:34:11'),
(218,'226 Brest Manor',DEFAULT,'California',508,2299,7.85881E+11,'2014-09-25 22:34:02'),
(219,'1229 Valencia Parkway',DEFAULT,'Haskovo',498,99124,3.52679E+11,'2014-09-25 22:30:24'),
(220,'1201 Qomsheh Manor',DEFAULT,'Gois',28,21464,8.73492E+11,'2014-09-25 22:30:15'),
(221,'866 Shivapuri Manor',DEFAULT,'Uttar Pradesh',448,22474,7.78503E+11,'2014-09-25 22:31:26'),
(222,'1168 Najafabad Parkway',DEFAULT,'Kabol',251,40301,8.86649E+11,'2014-09-25 22:29:59'),
(223,'1244 Allappuzha (Alleppey), Place',DEFAULT,'Buenos Aires',567,20657,9.91803E+11,'2014-09-25 22:30:08'),
(224,'1842 Luzinia Boulevard',DEFAULT,'Zanzibar West',593,94420,7.06879E+11,'2014-09-25 22:33:19'),
(225,'1926 Gingoog Street',DEFAULT,'Sisilia',511,22824,4.69739E+11,'2014-09-25 22:31:44'),
(226,'810 Palghat (Palakkad), Boulevard',DEFAULT,'Jaroslavl',235,73431,5.16331E+11,'2014-09-25 22:32:49'),
(227,'1820 Maring Parkway',DEFAULT,'Punjab',324,88307,99760893676,'2014-09-25 22:32:30'),
(228,'60 Poos de Caldas Street',DEFAULT,'Rajasthan',243,82338,9.63064E+11,'2014-09-25 22:31:18'),
(229,'1014 Loja Manor',DEFAULT,'Tamil Nadu',22,66851,4.60796E+11,'2014-09-25 22:31:10'),
(230,'201 Effon-Alaiye Way',DEFAULT,'Asuncin',37,64344,6.84193E+11,'2014-09-25 22:32:31'),
(231,'430 Alessandria Loop',DEFAULT,'Saarland',439,47446,6.69828E+11,'2014-09-25 22:31:06'),
(232,'754 Valencia Place',DEFAULT,'Phnom Penh',406,87911,5.94319E+11,'2014-09-25 22:30:25'),
(233,'356 Olomouc Manor',DEFAULT,'Gois',26,93323,22326410776,'2014-09-25 22:30:15'),
(234,'1256 Bislig Boulevard',DEFAULT,'Botosani',86,50598,4.79007E+11,'2014-09-25 22:32:46'),
(235,'954 Kimchon Place',DEFAULT,'West Bengali',559,42420,5.41328E+11,'2014-09-25 22:31:28'),
(236,'885 Yingkou Manor',DEFAULT,'Kaduna',596,31390,5.88965E+11,'2014-09-25 22:32:28'),
(237,'1736 Cavite Place',DEFAULT,'Qina',216,98775,4.31771E+11,'2014-09-25 22:30:56'),
(238,'346 Skikda Parkway',DEFAULT,'Hawalli',233,90628,6.30424E+11,'2014-09-25 22:31:57'),
(239,'98 Stara Zagora Boulevard',DEFAULT,'Valle',96,76448,6.10174E+11,'2014-09-25 22:30:51'),
(240,'1479 Rustenburg Boulevard',DEFAULT,'Southern Tagalog',527,18727,7.27785E+11,'2014-09-25 22:32:40'),
(241,'647 A Corua (La Corua), Street',DEFAULT,'Chollanam',357,36971,7.92557E+11,'2014-09-25 22:33:07'),
(242,'1964 Gijn Manor',DEFAULT,'Karnataka',473,14408,9.1812E+11,'2014-09-25 22:31:26'),
(243,'47 Syktyvkar Lane',DEFAULT,'West Java',118,22236,63937119031,'2014-09-25 22:31:31'),
(244,'1148 Saarbrcken Parkway',DEFAULT,'Fukushima',226,1921,1.37773E+11,'2014-09-25 22:31:47'),
(245,'1103 Bilbays Parkway',DEFAULT,'Hubei',578,87660,2.7998E+11,'2014-09-25 22:30:45'),
(246,'1246 Boksburg Parkway',DEFAULT,'Hebei',422,28349,8.90284E+11,'2014-09-25 22:30:41'),
(247,'1483 Pathankot Street',DEFAULT,'Tucumn',454,37288,6.86016E+11,'2014-09-25 22:30:06'),
(248,'582 Papeete Loop',DEFAULT,'Central Visayas',294,27722,5.69869E+11,'2014-09-25 22:32:38'),
(249,'300 Junan Street',DEFAULT,'Kyonggi',553,81314,8.90289E+11,'2014-09-25 22:33:08'),
(250,'829 Grand Prairie Way',DEFAULT,'Paran',328,6461,7.41071E+11,'2014-09-25 22:30:20'),
(251,'1473 Changhwa Parkway',DEFAULT,'Mxico',124,75933,2.66798E+11,'2014-09-25 22:32:03'),
(252,'1309 Weifang Street',DEFAULT,'Florida',520,57338,4.35785E+11,'2014-09-25 22:34:02'),
(253,'1760 Oshawa Manor',DEFAULT,'Tianjin',535,38140,56257502250,'2014-09-25 22:30:43'),
(254,'786 Stara Zagora Way',DEFAULT,'Oyo & Osun',390,98332,7.16257E+11,'2014-09-25 22:32:27'),
(255,'1966 Tonghae Street',DEFAULT,'Anhalt Sachsen',198,36481,5.67359E+11,'2014-09-25 22:31:05'),
(256,'1497 Yuzhou Drive',DEFAULT,'England',312,3433,2.4681E+11,'2014-09-25 22:33:37'),
(258,'752 Ondo Loop',DEFAULT,'Miyazaki',338,32474,1.34674E+11,'2014-09-25 22:31:50'),
(259,'1338 Zalantun Lane',DEFAULT,'Minas Gerais',413,45403,8.40523E+11,'2014-09-25 22:30:21'),
(260,'127 Iwakuni Boulevard',DEFAULT,'Central Luzon',192,20777,9.87443E+11,'2014-09-25 22:32:37'),
(261,'51 Laredo Avenue',DEFAULT,'Sagaing',342,68146,8.84537E+11,'2014-09-25 22:32:18'),
(262,'771 Yaound Manor',DEFAULT,'Sofala',64,86768,2.45478E+11,'2014-09-25 22:32:17'),
(263,'532 Toulon Street',DEFAULT,'Santiago',460,69517,46871694740,'2014-09-25 22:30:55'),
(264,'1027 Banjul Place',DEFAULT,'West Bengali',197,50390,5.38241E+11,'2014-09-25 22:31:16'),
(265,'1158 Mandi Bahauddin Parkway',DEFAULT,'Shanxi',136,98484,2.76556E+11,'2014-09-25 22:30:32'),
(266,'862 Xintai Lane',DEFAULT,'Cagayan Valley',548,30065,2.65153E+11,'2014-09-25 22:32:41'),
(267,'816 Cayenne Parkway',DEFAULT,'Manab',414,93629,2.82875E+11,'2014-09-25 22:30:56'),
(268,'1831 Nam Dinh Loop',DEFAULT,'National Capital Reg',323,51990,3.22889E+11,'2014-09-25 22:32:38'),
(269,'446 Kirovo-Tepetsk Lane',DEFAULT,'Osaka',203,19428,3.03967E+11,'2014-09-25 22:31:45'),
(270,'682 Halisahar Place',DEFAULT,'Severn Morava',378,20536,4.75553E+11,'2014-09-25 22:30:54'),
(271,'1587 Loja Manor',DEFAULT,'Salzburg',447,5410,6.21625E+11,'2014-09-25 22:30:10'),
(272,'1762 Paarl Parkway',DEFAULT,'Hunan',298,53928,1.9246E+11,'2014-09-25 22:30:39'),
(273,'1519 Ilorin Place',DEFAULT,'Kerala',395,49298,3.57446E+11,'2014-09-25 22:31:21'),
(274,'920 Kumbakonam Loop',DEFAULT,'California',446,75090,6.85011E+11,'2014-09-25 22:34:00'),
(275,'906 Goinia Way',DEFAULT,'Wielkopolskie',255,83565,7.01768E+11,'2014-09-25 22:32:42'),
(276,'1675 Xiangfan Manor',DEFAULT,'Tamil Nadu',283,11763,2.7115E+11,'2014-09-25 22:31:20'),
(277,'85 San Felipe de Puerto Plata Drive',DEFAULT,'Shandong',584,46063,1.7074E+11,'2014-09-25 22:30:48'),
(278,'144 South Hill Loop',DEFAULT,'Guanajuato',445,2012,45387294817,'2014-09-25 22:32:11'),
(279,'1884 Shikarpur Avenue',DEFAULT,'Haryana',263,85548,9.59949E+11,'2014-09-25 22:31:19'),
(280,'1980 Kamjanets-Podilskyi Street',DEFAULT,'Illinois',404,89502,8.74337E+11,'2014-09-25 22:33:57'),
(281,'1944 Bamenda Way',DEFAULT,'Michigan',573,24645,75975221996,'2014-09-25 22:34:03'),
(282,'556 Baybay Manor',DEFAULT,'Oyo & Osun',374,55802,3.63982E+11,'2014-09-25 22:32:25'),
(283,'457 Tongliao Loop',DEFAULT,'Bursa',222,56254,8.80756E+11,'2014-09-25 22:33:25'),
(284,'600 Bradford Street',DEFAULT,'East Azerbaidzan',514,96204,1.17592E+11,'2014-09-25 22:31:40'),
(285,'1006 Santa Brbara dOeste Manor',DEFAULT,'Ondo & Ekiti',389,36229,85059738746,'2014-09-25 22:32:26'),
(286,'1308 Sumy Loop',DEFAULT,'Fujian',175,30657,5.83021E+11,'2014-09-25 22:30:34'),
(287,'1405 Chisinau Place',DEFAULT,'Ponce',411,8160,62781725285,'2014-09-25 22:32:45'),
(288,'226 Halifax Street',DEFAULT,'Xinxiang',277,58492,7.90651E+11,'2014-09-25 22:30:38'),
(289,'1279 Udine Parkway',DEFAULT,'Edo & Delta',69,75860,1.95004E+11,'2014-09-25 22:32:23'),
(290,'1336 Benin City Drive',DEFAULT,'Shiga',386,46044,3.41243E+11,'2014-09-25 22:31:53'),
(291,'1155 Liaocheng Place',DEFAULT,'Oyo & Osun',152,22650,5.58236E+11,'2014-09-25 22:32:23'),
(292,'1993 Tabuk Lane',DEFAULT,'Tamil Nadu',522,64221,6.48482E+11,'2014-09-25 22:31:27'),
(293,'86 Higashiosaka Lane',DEFAULT,'Guanajuato',563,33768,9.57129E+11,'2014-09-25 22:32:14'),
(294,'1912 Allende Manor',DEFAULT,'Kowloon and New Kowl',279,58124,1.72262E+11,'2014-09-25 22:31:09'),
(295,'544 Tarsus Boulevard',DEFAULT,'Gurico',562,53145,892523334,'2014-09-25 22:34:05'),
(296,'1936 Cuman Avenue',DEFAULT,'Virginia',433,61195,9.76799E+11,'2014-09-25 22:33:58'),
(297,'1192 Tongliao Street',DEFAULT,'Sharja',470,19065,3.50971E+11,'2014-09-25 22:33:35'),
(298,'44 Najafabad Way',DEFAULT,'Baskimaa',146,61391,96604821070,'2014-09-25 22:33:08'),
(299,'32 Pudukkottai Lane',DEFAULT,'Ohio',140,38834,9.67275E+11,'2014-09-25 22:33:49'),
(300,'661 Chisinau Lane',DEFAULT,'Pietari',274,8856,8.16436E+11,'2014-09-25 22:32:51'),
(301,'951 Stara Zagora Manor',DEFAULT,'Punjab',400,98573,4.29926E+11,'2014-09-25 22:31:22'),
(302,'922 Vila Velha Loop',DEFAULT,'Maharashtra',9,4085,5.10737E+11,'2014-09-25 22:31:10'),
(303,'898 Jining Lane',DEFAULT,'Pohjois-Pohjanmaa',387,40070,1.61643E+11,'2014-09-25 22:31:00'),
(304,'1635 Kuwana Boulevard',DEFAULT,'Hiroshima',205,52137,7.10604E+11,'2014-09-25 22:31:46'),
(305,'41 El Alto Parkway',DEFAULT,'Maharashtra',398,56883,51917807050,'2014-09-25 22:31:22'),
(306,'1883 Maikop Lane',DEFAULT,'Kaliningrad',254,68469,96110042435,'2014-09-25 22:32:50'),
(307,'1908 Gaziantep Place',DEFAULT,'Liaoning',536,58979,1.08054E+11,'2014-09-25 22:30:43'),
(308,'687 Alessandria Parkway',DEFAULT,'Sanaa',455,57587,4.07219E+11,'2014-09-25 22:34:10'),
(309,'827 Yuncheng Drive',DEFAULT,'Callao',99,79047,5.04434E+11,'2014-09-25 22:32:32'),
(310,'913 Coacalco de Berriozbal Loop',DEFAULT,'Texas',33,42141,2.62088E+11,'2014-09-25 22:33:43'),
(311,'715 So Bernardo do Campo Lane',DEFAULT,'Kedah',507,84804,1.81179E+11,'2014-09-25 22:32:00'),
(312,'1354 Siegen Street',DEFAULT,'Rio de Janeiro',25,80184,5.73442E+11,'2014-09-25 22:30:15'),
(313,'1191 Sungai Petani Boulevard',DEFAULT,'Missouri',262,9668,9.8326E+11,'2014-09-25 22:33:54'),
(314,'1224 Huejutla de Reyes Boulevard',DEFAULT,'Lombardia',91,70923,8.06017E+11,'2014-09-25 22:31:43'),
(315,'543 Bergamo Avenue',DEFAULT,'Minas Gerais',215,59686,1.03602E+11,'2014-09-25 22:30:18'),
(316,'746 Joliet Lane',DEFAULT,'Kursk',286,94878,6.88485E+11,'2014-09-25 22:32:52'),
(317,'780 Kimberley Way',DEFAULT,'Tabuk',515,17032,8.24397E+11,'2014-09-25 22:33:00'),
(318,'1774 Yaound Place',DEFAULT,'Hubei',166,91400,6.13124E+11,'2014-09-25 22:30:33'),
(319,'1957 Yantai Lane',DEFAULT,'So Paulo',490,59255,7.04948E+11,'2014-09-25 22:30:22'),
(320,'1542 Lubumbashi Boulevard',DEFAULT,'Tel Aviv',57,62472,5.088E+11,'2014-09-25 22:31:41'),
(321,'651 Pathankot Loop',DEFAULT,'Maharashtra',336,59811,1.39378E+11,'2014-09-25 22:31:20'),
(322,'1359 Zhoushan Parkway',DEFAULT,'Streymoyar',545,29763,46568045367,'2014-09-25 22:30:59'),
(323,'1769 Iwaki Lane',DEFAULT,'Kujawsko-Pomorskie',97,25787,5.56101E+11,'2014-09-25 22:32:41'),
(324,'1145 Vilnius Manor',DEFAULT,'Mxico',451,73170,6.74806E+11,'2014-09-25 22:32:12'),
(325,'1892 Nabereznyje Telny Lane',DEFAULT,'Tutuila',516,28396,4.7823E+11,'2014-09-25 22:30:02'),
(326,'470 Boksburg Street',DEFAULT,'Central',81,97960,9.0803E+11,'2014-09-25 22:32:19'),
(327,'1427 A Corua (La Corua), Place',DEFAULT,'Buenos Aires',45,85799,9.72575E+11,'2014-09-25 22:30:04'),
(328,'479 San Felipe del Progreso Avenue',DEFAULT,'Morelos',130,54949,8.69052E+11,'2014-09-25 22:32:04'),
(329,'867 Benin City Avenue',DEFAULT,'Henan',591,78543,1.68885E+11,'2014-09-25 22:30:50'),
(330,'981 Kumbakonam Place',DEFAULT,'Distrito Federal',89,87611,8.29116E+11,'2014-09-25 22:30:17'),
(331,'1016 Iwakuni Street',DEFAULT,'St George',269,49833,9.61371E+11,'2014-09-25 22:32:59'),
(332,'663 Baha Blanca Parkway',DEFAULT,'Adana',5,33463,8.34419E+11,'2014-09-25 22:33:22'),
(333,'1860 Taguig Loop',DEFAULT,'West Java',119,59550,38158430589,'2014-09-25 22:31:32'),
(334,'1816 Bydgoszcz Loop',DEFAULT,'Dhaka',234,64308,9.65274E+11,'2014-09-25 22:30:12'),
(335,'587 Benguela Manor',DEFAULT,'Illinois',42,91590,1.65451E+11,'2014-09-25 22:33:44'),
(336,'430 Kumbakonam Drive',DEFAULT,'Santa F',457,28814,1.05471E+11,'2014-09-25 22:30:07'),
(337,'1838 Tabriz Lane',DEFAULT,'Dhaka',143,1195,38988715447,'2014-09-25 22:30:12'),
(338,'431 Szkesfehrvr Avenue',DEFAULT,'Baki',48,57828,1.19501E+11,'2014-09-25 22:30:11'),
(339,'503 Sogamoso Loop',DEFAULT,'Sumqayit',505,49812,8.34627E+11,'2014-09-25 22:30:11'),
(340,'507 Smolensk Loop',DEFAULT,'Sousse',492,22971,80303246192,'2014-09-25 22:33:21'),
(341,'1920 Weifang Avenue',DEFAULT,'Uttar Pradesh',427,15643,8.69508E+11,'2014-09-25 22:31:25'),
(342,'124 al-Manama Way',DEFAULT,'Hiroshima',382,52368,6.47899E+11,'2014-09-25 22:31:52'),
(343,'1443 Mardan Street',DEFAULT,'Western Cape',392,31483,2.31383E+11,'2014-09-25 22:33:05'),
(344,'1909 Benguela Lane',DEFAULT,'Henan',581,19913,6.24138E+11,'2014-09-25 22:30:47'),
(345,'68 Ponce Parkway',DEFAULT,'Hanoi',201,85926,8.70635E+11,'2014-09-25 22:34:06'),
(346,'1217 Konotop Avenue',DEFAULT,'Gelderland',151,504,7.18917E+11,'2014-09-25 22:32:20'),
(347,'1293 Nam Dinh Way',DEFAULT,'Roraima',84,71583,6.97656E+11,'2014-09-25 22:30:17'),
(348,'785 Vaduz Street',DEFAULT,'Baja California',335,36170,8.95617E+11,'2014-09-25 22:32:10'),
(349,'1516 Escobar Drive',DEFAULT,'Tongatapu',370,46069,64536069371,'2014-09-25 22:33:20'),
(350,'1628 Nagareyama Lane',DEFAULT,'Central',453,60079,20064292617,'2014-09-25 22:32:32'),
(351,'1157 Nyeri Loop',DEFAULT,'Adygea',320,56380,2.62745E+11,'2014-09-25 22:32:55'),
(352,'1673 Tangail Drive',DEFAULT,'Daugavpils',137,26857,6.27924E+11,'2014-09-25 22:31:57'),
(353,'381 Kabul Way',DEFAULT,'Taipei',209,87272,55477302294,'2014-09-25 22:33:15'),
(354,'953 Hodeida Street',DEFAULT,'Southern Tagalog',221,18841,53912826864,'2014-09-25 22:32:37'),
(355,'469 Nakhon Sawan Street',DEFAULT,'Tuvassia',531,58866,6.892E+11,'2014-09-25 22:32:58'),
(356,'1378 Beira Loop',DEFAULT,'Krasnojarsk',597,40792,8.40958E+11,'2014-09-25 22:32:58'),
(357,'1641 Changhwa Place',DEFAULT,'Nord-Ouest',52,37636,2.56546E+11,'2014-09-25 22:30:25'),
(358,'1698 Southport Loop',DEFAULT,'Hidalgo',393,49009,7.54358E+11,'2014-09-25 22:32:11'),
(359,'519 Nyeri Manor',DEFAULT,'So Paulo',461,37650,7.64681E+11,'2014-09-25 22:30:21'),
(360,'619 Hunuco Avenue',DEFAULT,'Shimane',331,81508,1.42596E+11,'2014-09-25 22:31:50'),
(361,'45 Aparecida de Goinia Place',DEFAULT,'Madhya Pradesh',464,7431,6.50497E+11,'2014-09-25 22:31:26'),
(362,'482 Kowloon and New Kowloon Manor',DEFAULT,'Bratislava',90,97056,7.38968E+11,'2014-09-25 22:33:02'),
(363,'604 Bern Place',DEFAULT,'Jharkhand',429,5373,6.20719E+11,'2014-09-25 22:31:25'),
(364,'1623 Kingstown Drive',DEFAULT,'Buenos Aires',20,91299,2.96395E+11,'2014-09-25 22:30:04'),
(365,'1009 Zanzibar Lane',DEFAULT,'Arecibo',32,64875,1.02396E+11,'2014-09-25 22:32:45'),
(366,'114 Jalib al-Shuyukh Manor',DEFAULT,'Centre',585,60440,8.45379E+11,'2014-09-25 22:30:25'),
(367,'1163 London Parkway',DEFAULT,'Par',66,6066,6.7512E+11,'2014-09-25 22:30:16'),
(368,'1658 Jastrzebie-Zdrj Loop',DEFAULT,'Central',372,96584,5.68368E+11,'2014-09-25 22:31:56'),
(369,'817 Laredo Avenue',DEFAULT,'Jalisco',188,77449,1.5125E+11,'2014-09-25 22:32:06'),
(370,'1565 Tangail Manor',DEFAULT,'Okinawa',377,45750,6.34445E+11,'2014-09-25 22:31:52'),
(371,'1912 Emeishan Drive',DEFAULT,'Balikesir',50,33050,99883471275,'2014-09-25 22:33:22'),
(372,'230 Urawa Drive',DEFAULT,'Andhra Pradesh',8,2738,1.66898E+11,'2014-09-25 22:31:09'),
(373,'1922 Miraj Way',DEFAULT,'Esfahan',356,13203,3.20471E+11,'2014-09-25 22:31:37'),
(374,'433 Florencia Street',DEFAULT,'Chihuahua',250,91330,5.6173E+11,'2014-09-25 22:32:08'),
(375,'1049 Matamoros Parkway',DEFAULT,'Karnataka',191,69640,9.60505E+11,'2014-09-25 22:31:16'),
(376,'1061 Ede Avenue',DEFAULT,'Southern Tagalog',98,57810,3.33391E+11,'2014-09-25 22:32:35'),
(377,'154 Oshawa Manor',DEFAULT,'East Java',415,72771,4.40366E+11,'2014-09-25 22:31:34'),
(378,'1191 Tandil Drive',DEFAULT,'Southern Tagalog',523,6362,45554316010,'2014-09-25 22:32:40'),
(379,'1133 Rizhao Avenue',DEFAULT,'Pernambuco',572,2800,6.00265E+11,'2014-09-25 22:30:23'),
(380,'1519 Santiago de los Caballeros Loop',DEFAULT,'East Kasai',348,22025,4.09315E+11,'2014-09-25 22:30:53'),
(381,'1618 Olomouc Manor',DEFAULT,'Kurgan',285,26385,96846695220,'2014-09-25 22:32:51'),
(382,'220 Hidalgo Drive',DEFAULT,'Kermanshah',265,45298,3.42721E+11,'2014-09-25 22:31:37'),
(383,'686 Donostia-San Sebastin Lane',DEFAULT,'Guangdong',471,97390,71857599858,'2014-09-25 22:30:42'),
(384,'97 Mogiljov Lane',DEFAULT,'Gujarat',73,89294,9.24815E+11,'2014-09-25 22:31:11'),
(385,'1642 Charlotte Amalie Drive',DEFAULT,'Slaskie',549,75442,8.21477E+11,'2014-09-25 22:32:44'),
(386,'1368 Maracabo Boulevard',DEFAULT,'DEFAULT',493,32716,9.34352E+11,'2014-09-25 22:30:03'),
(387,'401 Sucre Boulevard',DEFAULT,'New Hampshire',322,25007,4.86396E+11,'2014-09-25 22:33:56'),
(388,'368 Hunuco Boulevard',DEFAULT,'Namibe',360,17165,1.06439E+11,'2014-09-25 22:30:03'),
(389,'500 Lincoln Parkway',DEFAULT,'Jiangsu',210,95509,5.50307E+11,'2014-09-25 22:30:35'),
(390,'102 Chapra Drive',DEFAULT,'Ibaragi',521,14073,7.76032E+11,'2014-09-25 22:31:54'),
(391,'1793 Meixian Place',DEFAULT,'Hmelnytskyi',258,33535,6.19966E+11,'2014-09-25 22:33:31'),
(392,'514 Ife Way',DEFAULT,'Shaba',315,69973,9.00236E+11,'2014-09-25 22:30:53'),
(393,'717 Changzhou Lane',DEFAULT,'Southern Tagalog',104,21615,4.26255E+11,'2014-09-25 22:32:36'),
(394,'753 Ilorin Avenue',DEFAULT,'Sichuan',157,3656,4.64511E+11,'2014-09-25 22:30:32'),
(395,'1337 Mit Ghamr Avenue',DEFAULT,'Nakhon Sawan',358,29810,1.75283E+11,'2014-09-25 22:33:19'),
(396,'767 Pyongyang Drive',DEFAULT,'Osaka',229,83536,6.67736E+11,'2014-09-25 22:31:48'),
(397,'614 Pak Kret Street',DEFAULT,'Addis Abeba',6,27796,47808359842,'2014-09-25 22:30:59'),
(398,'954 Lapu-Lapu Way',DEFAULT,'Moskova',278,8816,7.37229E+11,'2014-09-25 22:32:51'),
(399,'331 Bydgoszcz Parkway',DEFAULT,'Asturia',181,966,5.37374E+11,'2014-09-25 22:33:09'),
(400,'1152 Citrus Heights Manor',DEFAULT,'al-Qadarif',15,5239,7.65957E+11,'2014-09-25 22:33:11'),
(401,'168 Cianjur Manor',DEFAULT,'Saitama',228,73824,6.79095E+11,'2014-09-25 22:31:48'),
(402,'616 Hagonoy Avenue',DEFAULT,'Krasnojarsk',39,46043,6.04178E+11,'2014-09-25 22:32:47'),
(403,'1190 0 Place',DEFAULT,'Rio Grande do Sul',44,10417,8.41877E+11,'2014-09-25 22:30:16'),
(404,'734 Bchar Place',DEFAULT,'Punjab',375,30586,2.80579E+11,'2014-09-25 22:32:31'),
(405,'530 Lausanne Lane',DEFAULT,'Texas',135,11067,7.75235E+11,'2014-09-25 22:33:49'),
(406,'454 Patiala Lane',DEFAULT,'Fukushima',276,13496,7.94553E+11,'2014-09-25 22:31:49'),
(407,'1346 Mysore Drive',DEFAULT,'Bretagne',92,61507,5.16647E+11,'2014-09-25 22:31:00'),
(408,'990 Etawah Loop',DEFAULT,'Tamil Nadu',564,79940,2.06169E+11,'2014-09-25 22:31:29'),
(409,'1266 Laredo Parkway',DEFAULT,'Saitama',380,7664,1483365694,'2014-09-25 22:31:52'),
(410,'88 Nagaon Manor',DEFAULT,'Buenos Aires',524,86868,7.79461E+11,'2014-09-25 22:30:07'),
(411,'264 Bhimavaram Manor',DEFAULT,'St Thomas',111,54749,3.02527E+11,'2014-09-25 22:34:08'),
(412,'1639 Saarbrcken Drive',DEFAULT,'North West',437,9827,3.28495E+11,'2014-09-25 22:33:05'),
(413,'692 Amroha Drive',DEFAULT,'Northern',230,35575,3.59479E+11,'2014-09-25 22:33:10'),
(414,'1936 Lapu-Lapu Parkway',DEFAULT,'Bauchi & Gombe',141,7122,6.53437E+11,'2014-09-25 22:32:23'),
(415,'432 Garden Grove Street',DEFAULT,'Ontario',430,65630,6.15965E+11,'2014-09-25 22:30:28'),
(416,'1445 Carmen Parkway',DEFAULT,'West Java',117,70809,5.98912E+11,'2014-09-25 22:31:30'),
(417,'791 Salinas Street',DEFAULT,'Punjab',208,40509,1.29953E+11,'2014-09-25 22:31:17'),
(418,'126 Acua Parkway',DEFAULT,'West Bengali',71,58888,4.8004E+11,'2014-09-25 22:31:11'),
(419,'397 Sunnyvale Avenue',DEFAULT,'Guanajuato',19,55566,6.80852E+11,'2014-09-25 22:32:01'),
(420,'992 Klerksdorp Loop',DEFAULT,'Utrecht',23,33711,8.5529E+11,'2014-09-25 22:32:19'),
(421,'966 Arecibo Loop',DEFAULT,'Sind',134,94018,15273765306,'2014-09-25 22:32:30'),
(422,'289 Santo Andr Manor',DEFAULT,'al-Sharqiya',16,72410,2.14976E+11,'2014-09-25 22:32:59'),
(423,'437 Chungho Drive',DEFAULT,'Puerto Plata',450,59489,4.91271E+11,'2014-09-25 22:30:55'),
(424,'1948 Bayugan Parkway',DEFAULT,'Bihar',264,60622,9.87306E+11,'2014-09-25 22:31:19'),
(425,'1866 al-Qatif Avenue',DEFAULT,'California',155,89420,5.46794E+11,'2014-09-25 22:33:50'),
(426,'1661 Abha Drive',DEFAULT,'Tamil Nadu',416,14400,2.70457E+11,'2014-09-25 22:31:23'),
(427,'1557 Cape Coral Parkway',DEFAULT,'Hubei',293,46875,3.68284E+11,'2014-09-25 22:30:38'),
(428,'1727 Matamoros Place',DEFAULT,'Sawhaj',465,78813,1.29674E+11,'2014-09-25 22:30:57'),
(429,'1269 Botosani Manor',DEFAULT,'Guangdong',468,47394,7.36517E+11,'2014-09-25 22:30:42'),
(430,'355 Vitria de Santo Anto Way',DEFAULT,'Oaxaca',452,81758,5.48004E+11,'2014-09-25 22:32:13'),
(431,'1596 Acua Parkway',DEFAULT,'Jharkhand',418,70425,1.57133E+11,'2014-09-25 22:31:24'),
(432,'259 Ipoh Drive',DEFAULT,'So Paulo',189,64964,4.1901E+11,'2014-09-25 22:30:18'),
(433,'1823 Hoshiarpur Lane',DEFAULT,'Komi',510,33191,3.07134E+11,'2014-09-25 22:32:57'),
(434,'1404 Taguig Drive',DEFAULT,'Okayama',547,87212,5.72069E+11,'2014-09-25 22:31:54'),
(435,'740 Udaipur Lane',DEFAULT,'Nizni Novgorod',150,33505,4.97289E+11,'2014-09-25 22:32:47'),
(436,'287 Cuautla Boulevard',DEFAULT,'Chuquisaca',501,72736,82619513349,'2014-09-25 22:30:14'),
(437,'1766 Almirante Brown Street',DEFAULT,'KwaZulu-Natal',364,63104,6.17568E+11,'2014-09-25 22:33:04'),
(438,'596 Huixquilucan Place',DEFAULT,'Nampula',351,65892,3.42709E+11,'2014-09-25 22:32:17'),
(439,'1351 Aparecida de Goinia Parkway',DEFAULT,'Northern Mindanao',391,41775,9.59835E+11,'2014-09-25 22:32:38'),
(440,'722 Bradford Lane',DEFAULT,'Shandong',249,90920,7.46251E+11,'2014-09-25 22:30:37'),
(441,'983 Santa F Way',DEFAULT,'British Colombia',565,47472,1.4572E+11,'2014-09-25 22:30:28'),
(442,'1245 Ibirit Way',DEFAULT,'La Romana',290,40926,3.31889E+11,'2014-09-25 22:30:54'),
(443,'1836 Korla Parkway',DEFAULT,'Copperbelt',272,55405,6.89682E+11,'2014-09-25 22:34:11'),
(444,'231 Kaliningrad Place',DEFAULT,'Lombardia',70,57833,5.75081E+11,'2014-09-25 22:31:42'),
(445,'495 Bhimavaram Lane',DEFAULT,'Maharashtra',144,3,82088937724,'2014-09-25 22:31:15'),
(446,'1924 Shimonoseki Drive',DEFAULT,'Batna',59,52625,4.06784E+11,'2014-09-25 22:29:59'),
(447,'105 Dzerzinsk Manor',DEFAULT,'Inner Mongolia',540,48570,2.40776E+11,'2014-09-25 22:30:44'),
(448,'614 Denizli Parkway',DEFAULT,'Rio Grande do Sul',486,29444,8.76492E+11,'2014-09-25 22:30:22'),
(449,'1289 Belm Boulevard',DEFAULT,'Tartumaa',530,88306,2.37369E+11,'2014-09-25 22:30:58'),
(450,'203 Tambaram Street',DEFAULT,'Buenos Aires',161,73942,4.1155E+11,'2014-09-25 22:30:05'),
(451,'1704 Tambaram Manor',DEFAULT,'West Bengali',554,2834,39463554936,'2014-09-25 22:31:28'),
(452,'207 Cuernavaca Loop',DEFAULT,'Tatarstan',352,52671,7.829E+11,'2014-09-25 22:32:55'),
(453,'319 Springs Loop',DEFAULT,'Baijeri',160,99552,72524459905,'2014-09-25 22:31:05'),
(454,'956 Nam Dinh Manor',DEFAULT,'Kerman',481,21872,4.74048E+11,'2014-09-25 22:31:39'),
(455,'1947 Paarl Way',DEFAULT,'Central Java',509,23636,8.34061E+11,'2014-09-25 22:31:35'),
(456,'814 Simferopol Loop',DEFAULT,'Sinaloa',154,48745,5.24567E+11,'2014-09-25 22:32:05'),
(457,'535 Ahmadnagar Manor',DEFAULT,'Abu Dhabi',3,41136,9.8511E+11,'2014-09-25 22:33:34'),
(458,'138 Caracas Boulevard',DEFAULT,'Zulia',326,16790,9.74433E+11,'2014-09-25 22:34:04'),
(459,'251 Florencia Drive',DEFAULT,'Michoacn de Ocampo',556,16119,1.18012E+11,'2014-09-25 22:32:13'),
(460,'659 Gatineau Boulevard',DEFAULT,'La Paz',153,28587,2.05525E+11,'2014-09-25 22:30:13'),
(461,'1889 Valparai Way',DEFAULT,'Ziguinchor',600,75559,6.70371E+11,'2014-09-25 22:33:01'),
(462,'1485 Bratislava Place',DEFAULT,'Illinois',435,83183,9.24664E+11,'2014-09-25 22:33:59'),
(463,'935 Aden Boulevard',DEFAULT,'Central Java',532,64709,3.35053E+11,'2014-09-25 22:31:35'),
(464,'76 Kermanshah Manor',DEFAULT,'Esfahan',423,23343,7.62362E+11,'2014-09-25 22:31:37'),
(465,'734 Tanshui Avenue',DEFAULT,'Caquet',170,70664,3.66777E+11,'2014-09-25 22:30:52'),
(466,'118 Jaffna Loop',DEFAULT,'Northern Mindanao',182,10447,3.25527E+11,'2014-09-25 22:32:36'),
(467,'1621 Tongliao Avenue',DEFAULT,'Irkutsk',558,22173,2.09343E+11,'2014-09-25 22:32:58'),
(468,'1844 Usak Avenue',DEFAULT,'Nova Scotia',196,84461,1.64415E+11,'2014-09-25 22:30:27'),
(469,'1872 Toulon Loop',DEFAULT,'OHiggins',428,7939,9.28809E+11,'2014-09-25 22:30:30'),
(470,'1088 Ibirit Place',DEFAULT,'Jalisco',595,88502,49084281333,'2014-09-25 22:32:15'),
(471,'1322 Mosul Parkway',DEFAULT,'Shandong',145,95400,2.68054E+11,'2014-09-25 22:30:32'),
(472,'1447 Chatsworth Place',DEFAULT,'Chihuahua',129,41545,7.6937E+11,'2014-09-25 22:32:04'),
(473,'1257 Guadalajara Street',DEFAULT,'Karnataka',78,33599,1.95338E+11,'2014-09-25 22:31:14'),
(474,'1469 Plock Lane',DEFAULT,'Galicia',388,95835,6.22885E+11,'2014-09-25 22:33:09'),
(475,'434 Ourense (Orense), Manor',DEFAULT,'Hodeida',206,14122,5.6237E+11,'2014-09-25 22:34:10'),
(476,'270 Tambaram Parkway',DEFAULT,'Gauteng',244,9668,2.48447E+11,'2014-09-25 22:33:03'),
(477,'1786 Salinas Place',DEFAULT,'Nam Ha',359,66546,2.06061E+11,'2014-09-25 22:34:07'),
(478,'1078 Stara Zagora Drive',DEFAULT,'Aceh',301,69221,9.32993E+11,'2014-09-25 22:31:33'),
(479,'1854 Okara Boulevard',DEFAULT,'Drenthe',158,42123,1.31913E+11,'2014-09-25 22:32:21'),
(480,'421 Yaound Street',DEFAULT,'Sumy',385,11363,7.26876E+11,'2014-09-25 22:33:33'),
(481,'1153 Allende Way',DEFAULT,'Qubec',179,20336,8.56872E+11,'2014-09-25 22:30:26'),
(482,'808 Naala-Porto Parkway',DEFAULT,'England',500,41060,5.53452E+11,'2014-09-25 22:33:41'),
(483,'632 Usolje-Sibirskoje Parkway',DEFAULT,'Ha Darom',36,73085,6.67649E+11,'2014-09-25 22:31:41'),
(484,'98 Pyongyang Boulevard',DEFAULT,'Ohio',11,88749,1.91958E+11,'2014-09-25 22:33:42'),
(485,'984 Novoterkassk Loop',DEFAULT,'Gaziantep',180,28165,4.35119E+11,'2014-09-25 22:33:25'),
(486,'64 Korla Street',DEFAULT,'Mwanza',347,25145,5.10383E+11,'2014-09-25 22:33:17'),
(487,'1785 So Bernardo do Campo Street',DEFAULT,'Veracruz',125,71182,6.84529E+11,'2014-09-25 22:32:04'),
(488,'698 Jelets Boulevard',DEFAULT,'Denizli',142,2596,9.75186E+11,'2014-09-25 22:33:24'),
(489,'1297 Alvorada Parkway',DEFAULT,'Ningxia',587,11839,5.08349E+11,'2014-09-25 22:30:49'),
(490,'1909 Dayton Avenue',DEFAULT,'Guangdong',469,88513,7.02955E+11,'2014-09-25 22:30:42'),
(491,'1789 Saint-Denis Parkway',DEFAULT,'Coahuila de Zaragoza',4,8268,9.36807E+11,'2014-09-25 22:32:01'),
(492,'185 Mannheim Lane',DEFAULT,'Stavropol',408,23661,5.89378E+11,'2014-09-25 22:32:56'),
(493,'184 Mandaluyong Street',DEFAULT,'Baja California Sur',288,94239,4.88425E+11,'2014-09-25 22:32:09'),
(494,'591 Sungai Petani Drive',DEFAULT,'Okayama',376,46400,37247325001,'2014-09-25 22:31:51'),
(495,'656 Matamoros Drive',DEFAULT,'Boyac',487,19489,17305839123,'2014-09-25 22:30:53'),
(496,'775 ostka Drive',DEFAULT,'al-Daqahliya',337,22358,1.71973E+11,'2014-09-25 22:30:57'),
(497,'1013 Tabuk Boulevard',DEFAULT,'West Bengali',261,96203,1.584E+11,'2014-09-25 22:31:19'),
(498,'319 Plock Parkway',DEFAULT,'Istanbul',504,26101,8.5426E+11,'2014-09-25 22:33:28'),
(499,'1954 Kowloon and New Kowloon Way',DEFAULT,'Chimborazo',434,63667,8.98559E+11,'2014-09-25 22:30:56'),
(500,'362 Rajkot Lane',DEFAULT,'Gansu',47,98030,9.6202E+11,'2014-09-25 22:30:31'),
(501,'1060 Tandil Lane',DEFAULT,'Shandong',432,72349,2.11256E+11,'2014-09-25 22:30:41'),
(502,'1515 Korla Way',DEFAULT,'England',589,57197,9.59468E+11,'2014-09-25 22:33:42'),
(503,'1416 San Juan Bautista Tuxtepec Avenue',DEFAULT,'Zufar',444,50592,1.44207E+11,'2014-09-25 22:32:29'),
(504,'1 Valle de Santiago Avenue',DEFAULT,'Apulia',93,86208,4.65898E+11,'2014-09-25 22:31:43'),
(505,'519 Brescia Parkway',DEFAULT,'East Java',318,69504,7.93997E+11,'2014-09-25 22:31:33'),
(506,'414 Mandaluyong Street',DEFAULT,'Lubelskie',314,16370,52709222667,'2014-09-25 22:32:43'),
(507,'1197 Sokoto Boulevard',DEFAULT,'West Bengali',478,87687,8.68603E+11,'2014-09-25 22:31:27'),
(508,'496 Celaya Drive',DEFAULT,'Nagano',552,90797,7.59587E+11,'2014-09-25 22:31:54'),
(509,'786 Matsue Way',DEFAULT,'Illinois',245,37469,1.11177E+11,'2014-09-25 22:33:54'),
(510,'48 Maracabo Place',DEFAULT,'Central Luzon',519,1570,82671830126,'2014-09-25 22:32:39'),
(511,'1152 al-Qatif Lane',DEFAULT,'Kalimantan Barat',412,44816,1.31371E+11,'2014-09-25 22:31:34'),
(512,'1269 Ipoh Avenue',DEFAULT,'Eskisehir',163,54674,4.0263E+11,'2014-09-25 22:33:24'),
(513,'758 Korolev Parkway',DEFAULT,'Andhra Pradesh',568,75474,4.41628E+11,'2014-09-25 22:31:29'),
(514,'1747 Rustenburg Place',DEFAULT,'Bihar',110,51369,4.42674E+11,'2014-09-25 22:31:14'),
(515,'886 Tonghae Place',DEFAULT,'Volgograd',259,19450,7.11928E+11,'2014-09-25 22:32:50'),
(516,'1574 Goinia Boulevard',DEFAULT,'Heilongjiang',502,39529,59634255214,'2014-09-25 22:30:43'),
(517,'548 Uruapan Street',DEFAULT,'Ontario',312,35653,8.79347E+11,'2014-09-25 22:33:38'),
(519,'962 Tama Loop',DEFAULT,'DEFAULT',583,65952,2.82668E+11,'2014-09-25 22:32:19'),
(520,'1778 Gijn Manor',DEFAULT,'Hubei',594,35156,2.88911E+11,'2014-09-25 22:30:50'),
(521,'568 Dhule (Dhulia), Loop',DEFAULT,'Coquimbo',127,92568,6.02101E+11,'2014-09-25 22:30:30'),
(522,'1768 Udine Loop',DEFAULT,'Battambang',60,32347,4.48876E+11,'2014-09-25 22:30:24'),
(523,'608 Birgunj Parkway',DEFAULT,'Taipei',116,400,6.27426E+11,'2014-09-25 22:33:14'),
(524,'680 A Corua (La Corua), Manor',DEFAULT,'Sivas',482,49806,1.58326E+11,'2014-09-25 22:33:28'),
(525,'1949 Sanya Street',DEFAULT,'Gumma',224,61244,1.32101E+11,'2014-09-25 22:31:47'),
(526,'617 Klerksdorp Place',DEFAULT,'Khanh Hoa',366,94707,5.74973E+11,'2014-09-25 22:34:07'),
(527,'1993 0 Loop',DEFAULT,'Liaoning',588,41214,25865528181,'2014-09-25 22:30:49'),
(528,'1176 Southend-on-Sea Manor',DEFAULT,'Southern Tagalog',458,81651,2.36679E+11,'2014-09-25 22:32:39'),
(529,'600 Purnea (Purnia), Avenue',DEFAULT,'Nghe An',571,18043,6.3841E+11,'2014-09-25 22:34:07'),
(530,'1003 Qinhuangdao Street',DEFAULT,'West Java',419,25972,35533115997,'2014-09-25 22:31:35'),
(531,'1986 Sivas Place',DEFAULT,'Friuli-Venezia Giuli',551,95775,1.82059E+11,'2014-09-25 22:31:44'),
(532,'1427 Tabuk Place',DEFAULT,'Florida',101,31342,2.14757E+11,'2014-09-25 22:33:47'),
(533,'556 Asuncin Way',DEFAULT,'Mogiljov',339,35364,3.38244E+11,'2014-09-25 22:30:13'),
(534,'486 Ondo Parkway',DEFAULT,'Benguela',67,35202,1.05882E+11,'2014-09-25 22:30:02'),
(535,'635 Brest Manor',DEFAULT,'Andhra Pradesh',75,40899,80593242951,'2014-09-25 22:31:13'),
(536,'166 Jinchang Street',DEFAULT,'Buenos Aires',165,86760,7.17566E+11,'2014-09-25 22:30:05'),
(537,'958 Sagamihara Lane',DEFAULT,'Mie',287,88408,4.27275E+11,'2014-09-25 22:31:50'),
(538,'1817 Livorno Way',DEFAULT,'Khanh Hoa',100,79401,4.7838E+11,'2014-09-25 22:34:05'),
(539,'1332 Gaziantep Lane',DEFAULT,'Shandong',80,22813,3.83353E+11,'2014-09-25 22:30:31'),
(540,'949 Allende Lane',DEFAULT,'Uttar Pradesh',24,67521,1.22981E+11,'2014-09-25 22:31:11'),
(541,'195 Ilorin Street',DEFAULT,'Chari-Baguirmi',363,49250,8912935608,'2014-09-25 22:30:29'),
(542,'193 Bhusawal Place',DEFAULT,'Kang-won',539,9750,7.45268E+11,'2014-09-25 22:33:07'),
(543,'43 Vilnius Manor',DEFAULT,'Colorado',42,79814,4.845E+11,'2014-09-25 22:33:44'),
(544,'183 Haiphong Street',DEFAULT,'Jilin',46,69953,4.886E+11,'2014-09-25 22:30:30'),
(545,'163 Augusta-Richmond County Loop',DEFAULT,'Carabobo',561,33030,7.54579E+11,'2014-09-25 22:34:05'),
(546,'191 Jos Azueta Parkway',DEFAULT,'Ruse',436,13629,9.32157E+11,'2014-09-25 22:30:23'),
(547,'379 Lublin Parkway',DEFAULT,'Toscana',309,74568,9.2196E+11,'2014-09-25 22:31:44'),
(548,'1658 Cuman Loop',DEFAULT,'Sumatera Selatan',396,51309,7.84907E+11,'2014-09-25 22:31:34'),
(549,'454 Qinhuangdao Drive',DEFAULT,'Tadla-Azilal',68,25866,7.8627E+11,'2014-09-25 22:32:16'),
(550,'1715 Okayama Street',DEFAULT,'So Paulo',485,55676,1.69353E+11,'2014-09-25 22:30:22'),
(551,'182 Nukualofa Drive',DEFAULT,'Sumy',275,15414,4.26346E+11,'2014-09-25 22:33:32'),
(552,'390 Wroclaw Way',DEFAULT,'Hainan',462,5753,3.57593E+11,'2014-09-25 22:30:41'),
(553,'1421 Quilmes Lane',DEFAULT,'Ishikawa',260,19151,1.35408E+11,'2014-09-25 22:31:49'),
(554,'947 Trshavn Place',DEFAULT,'Central Luzon',528,841,50898428626,'2014-09-25 22:32:40'),
(555,'1764 Jalib al-Shuyukh Parkway',DEFAULT,'Galicia',459,77642,84794532510,'2014-09-25 22:33:10'),
(556,'346 Cam Ranh Avenue',DEFAULT,'Zhejiang',599,39976,9.78431E+11,'2014-09-25 22:30:51'),
(557,'1407 Pachuca de Soto Place',DEFAULT,'Rio Grande do Sul',21,26284,3.80078E+11,'2014-09-25 22:30:14'),
(558,'904 Clarksville Drive',DEFAULT,'Zhejiang',193,52234,9.55349E+11,'2014-09-25 22:30:34'),
(559,'1917 Kumbakonam Parkway',DEFAULT,'Vojvodina',368,11892,6.98183E+11,'2014-09-25 22:34:11'),
(560,'1447 Imus Place',DEFAULT,'Gujarat',426,12905,62127829280,'2014-09-25 22:31:25'),
(561,'1497 Fengshan Drive',DEFAULT,'KwaZulu-Natal',112,63022,3.68738E+11,'2014-09-25 22:33:03'),
(562,'869 Shikarpur Way',DEFAULT,'England',496,57380,5.90764E+11,'2014-09-25 22:33:40'),
(563,'1059 Yuncheng Avenue',DEFAULT,'Vilna',570,47498,1.07093E+11,'2014-09-25 22:31:58'),
(564,'505 Madiun Boulevard',DEFAULT,'Dolnoslaskie',577,97271,9.70639E+11,'2014-09-25 22:32:44'),
(565,'1741 Hoshiarpur Boulevard',DEFAULT,'al-Sharqiya',79,22372,8.55066E+11,'2014-09-25 22:30:56'),
(566,'1229 Varanasi (Benares), Manor',DEFAULT,'Buenos Aires',43,40195,8.1774E+11,'2014-09-25 22:30:04'),
(567,'1894 Boa Vista Way',DEFAULT,'Texas',178,77464,2.39358E+11,'2014-09-25 22:33:51'),
(568,'1342 Sharja Way',DEFAULT,'Sokoto & Kebbi & Zam',488,93655,9.46114E+11,'2014-09-25 22:32:27'),
(569,'1342 Abha Boulevard',DEFAULT,'Bukarest',95,10714,9.97454E+11,'2014-09-25 22:32:46'),
(570,'415 Pune Avenue',DEFAULT,'Shandong',580,44274,2.03203E+11,'2014-09-25 22:30:47'),
(571,'1746 Faaa Way',DEFAULT,'Huanuco',214,32515,8.63081E+11,'2014-09-25 22:32:33'),
(572,'539 Hami Way',DEFAULT,'Tokat',538,52196,5.25518E+11,'2014-09-25 22:33:29'),
(573,'1407 Surakarta Manor',DEFAULT,'Moskova',466,33224,3.24346E+11,'2014-09-25 22:32:56'),
(574,'502 Mandi Bahauddin Parkway',DEFAULT,'Anzotegui',55,15992,6.18157E+11,'2014-09-25 22:34:03'),
(575,'1052 Pathankot Avenue',DEFAULT,'Sichuan',299,77397,1.28499E+11,'2014-09-25 22:30:39'),
(576,'1351 Sousse Lane',DEFAULT,'Coahuila de Zaragoza',341,37815,2.03804E+11,'2014-09-25 22:32:10'),
(577,'1501 Pangkal Pinang Avenue',DEFAULT,'Mazowieckie',409,943,7.70864E+11,'2014-09-25 22:32:43'),
(578,'1405 Hagonoy Avenue',DEFAULT,'Slaskie',133,86587,8.67288E+11,'2014-09-25 22:32:42'),
(579,'521 San Juan Bautista Tuxtepec Place',DEFAULT,'Qaraghandy',598,95093,8.44018E+11,'2014-09-25 22:31:56'),
(580,'923 Tangail Boulevard',DEFAULT,'Tokyo-to',10,33384,3.15528E+11,'2014-09-25 22:31:45'),
(581,'186 Skikda Lane',DEFAULT,'Morelos',131,89422,14465669789,'2014-09-25 22:32:05'),
(582,'1568 Celaya Parkway',DEFAULT,'Kaohsiung',168,34750,2.7867E+11,'2014-09-25 22:33:15'),
(583,'1489 Kakamigahara Lane',DEFAULT,'Taipei',526,98883,29341849811,'2014-09-25 22:33:16'),
(584,'1819 Alessandria Loop',DEFAULT,'Campeche',103,53829,3.77634E+11,'2014-09-25 22:32:02'),
(585,'1208 Tama Loop',DEFAULT,'Ninawa',344,73605,9.54786E+11,'2014-09-25 22:31:40'),
(586,'951 Springs Lane',DEFAULT,'Central Mindanao',219,96115,1.65165E+11,'2014-09-25 22:32:37'),
(587,'760 Miyakonojo Drive',DEFAULT,'Guerrero',246,64682,2.94449E+11,'2014-09-25 22:32:08'),
(588,'966 Asuncin Way',DEFAULT,'Hidalgo',212,62703,9.95527E+11,'2014-09-25 22:32:07'),
(589,'1584 Ljubertsy Lane',DEFAULT,'England',494,22954,2.8571E+11,'2014-09-25 22:33:38'),
(590,'247 Jining Parkway',DEFAULT,'Banjul',54,53446,1.70115E+11,'2014-09-25 22:31:04'),
(591,'773 Dallas Manor',DEFAULT,'Buenos Aires',424,12664,9.14466E+11,'2014-09-25 22:30:06'),
(592,'1923 Stara Zagora Lane',DEFAULT,'Nantou',546,95179,1.82179E+11,'2014-09-25 22:33:17'),
(593,'1402 Zanzibar Boulevard',DEFAULT,'Guanajuato',106,71102,3.87448E+11,'2014-09-25 22:32:03'),
(594,'1464 Kursk Parkway',DEFAULT,'Shandong',574,17381,3.38758E+11,'2014-09-25 22:30:44'),
(595,'1074 Sanaa Parkway',DEFAULT,'Loja',311,22474,1.54124E+11,'2014-09-25 22:30:55'),
(596,'1759 Niznekamsk Avenue',DEFAULT,'al-Manama',14,39414,8.64393E+11,'2014-09-25 22:30:11'),
(597,'32 Liaocheng Way',DEFAULT,'Minas Gerais',248,1944,4.10877E+11,'2014-09-25 22:30:19'),
(598,'42 Fontana Avenue',DEFAULT,'Fejr',512,14684,4.3783E+11,'2014-09-25 22:31:09'),
(599,'1895 Zhezqazghan Drive',DEFAULT,'California',177,36693,1.3781E+11,'2014-09-25 22:33:51'),
(600,'1837 Kaduna Parkway',DEFAULT,'Inner Mongolia',241,82580,6.40844E+11,'2014-09-25 22:30:37'),
(601,'844 Bucuresti Place',DEFAULT,'Liaoning',242,36603,9.35952E+11,'2014-09-25 22:30:37'),
(602,'1101 Bucuresti Boulevard',DEFAULT,'West Greece',401,97661,1.99515E+11,'2014-09-25 22:31:07'),
(603,'1103 Quilmes Boulevard',DEFAULT,'Piura',503,52137,6.44021E+11,'2014-09-25 22:32:34'),
(604,'1331 Usak Boulevard',DEFAULT,'Vaud',296,61960,1.45309E+11,'2014-09-25 22:33:14'),
(605,'1325 Fukuyama Street',DEFAULT,'Heilongjiang',537,27107,2.88241E+11,'2014-09-25 22:30:44'),
